{
  "agent_id": "agent_5801k0x0n8vkfxs9z19e1n060hvr",
  "conversation_id": "conv_0801k6newnnzfygba53ncq4szjpn",
  "status": "initiated",
  "user_id": "+15149537652",
  "transcript": [],
  "metadata": {
    "start_time_unix_secs": 1759509370,
    "accepted_time_unix_secs": null,
    "call_duration_secs": 0,
    "cost": 0,
    "deletion_settings": {
      "deletion_time_unix_secs": null,
      "deleted_logs_at_time_unix_secs": null,
      "deleted_audio_at_time_unix_secs": null,
      "deleted_transcript_at_time_unix_secs": null,
      "delete_transcript_and_pii": false,
      "delete_audio": false
    },
    "feedback": {
      "overall_score": null,
      "likes": 0,
      "dislikes": 0
    },
    "authorization_method": "public",
    "charging": {
      "dev_discount": false,
      "is_burst": false,
      "tier": null,
      "llm_usage": {
        "irreversible_generation": {
          "model_usage": {}
        },
        "initiated_generation": {
          "model_usage": {}
        }
      },
      "llm_price": null,
      "llm_charge": null,
      "call_charge": null,
      "free_minutes_consumed": 0,
      "free_llm_dollars_consumed": 0
    },
    "phone_call": {
      "direction": "inbound",
      "phone_number_id": "phnum_8501k0x0vzvrek09e6kebgr40kk0",
      "agent_number": "+14385334586",
      "external_number": "+15149537652",
      "type": "twilio",
      "stream_sid": "",
      "call_sid": "CA03cfd8202df1e9aca34084f7dc07d58e"
    },
    "batch_call": null,
    "termination_reason": "",
    "error": null,
    "main_language": null,
    "rag_usage": null,
    "text_only": false,
    "features_usage": {
      "language_detection": {
        "enabled": false,
        "used": false
      },
      "transfer_to_agent": {
        "enabled": false,
        "used": false
      },
      "transfer_to_number": {
        "enabled": false,
        "used": false
      },
      "multivoice": {
        "enabled": false,
        "used": false
      },
      "dtmf_tones": {
        "enabled": false,
        "used": false
      },
      "external_mcp_servers": {
        "enabled": false,
        "used": false
      },
      "pii_zrm_workspace": false,
      "pii_zrm_agent": false,
      "tool_dynamic_variable_updates": {
        "enabled": false,
        "used": false
      },
      "is_livekit": false,
      "voicemail_detection": {
        "enabled": false,
        "used": false
      },
      "workflow": {
        "enabled": false,
        "tool_node": {
          "enabled": false,
          "used": false
        },
        "standalone_agent_node": {
          "enabled": false,
          "used": false
        },
        "phone_number_node": {
          "enabled": false,
          "used": false
        },
        "end_node": {
          "enabled": false,
          "used": false
        }
      },
      "agent_testing": {
        "enabled": false,
        "tests_ran_after_last_modification": false,
        "tests_ran_in_last_7_days": false
      }
    },
    "eleven_assistant": {
      "is_eleven_assistant": false
    },
    "initiator_id": null,
    "conversation_initiation_source": "unknown",
    "conversation_initiation_source_version": null,
    "timezone": null
  },
  "analysis": null,
  "conversation_initiation_client_data": {
    "conversation_config_override": {
      "tts": null,
      "conversation": null,
      "agent": null
    },
    "custom_llm_extra_body": {},
    "user_id": null,
    "source_info": {
      "source": null,
      "version": null
    },
    "dynamic_variables": {}
  },
  "has_audio": false,
  "has_user_audio": false,
  "has_response_audio": false
}